<?xml version="1.0" encoding="UTF-8"?>
<project-private xmlns="http://www.netbeans.org/ns/project-private/1">
    <editor-bookmarks xmlns="http://www.netbeans.org/ns/editor-bookmarks/2" lastBookmarkId="0"/>
    <open-files xmlns="http://www.netbeans.org/ns/projectui-open-files/2">
        <group>
            <file>file:/C:/Users/psr_0/Desktop/LDOO%20P1/Practica1/.bowerrc</file>
            <file>file:/C:/Users/psr_0/Desktop/LDOO%20P1/Practica1/package.json</file>
            <file>file:/C:/Users/psr_0/Desktop/LDOO%20P1/Practica1/public_html/main.js</file>
            <file>file:/C:/Users/psr_0/Desktop/LDOO%20P1/Practica1/bower.json</file>
            <file>file:/C:/Users/psr_0/Desktop/LDOO%20P1/Practica1/public_html/index.html</file>
            <file>file:/C:/Users/psr_0/Desktop/LDOO%20P1/Practica1/Gruntfile.js</file>
            <file>file:/C:/Users/psr_0/Desktop/LDOO%20P1/Practica1/gulpfile.js</file>
            <file>file:/C:/Users/psr_0/Desktop/LDOO%20P1/Practica1/public_html/style.css</file>
        </group>
    </open-files>
</project-private>
