<?xml version="1.0" encoding="UTF-8"?>
<project-private xmlns="http://www.netbeans.org/ns/project-private/1">
    <editor-bookmarks xmlns="http://www.netbeans.org/ns/editor-bookmarks/2" lastBookmarkId="0"/>
    <open-files xmlns="http://www.netbeans.org/ns/projectui-open-files/2">
        <group>
            <file>file:/C:/Users/psr_0/Desktop/Practica4/web/WEB-INF/dispatcher-servlet.xml</file>
            <file>file:/C:/Users/psr_0/Desktop/Practica4/web/WEB-INF/jsp/usuario.jsp</file>
            <file>file:/C:/Users/psr_0/Desktop/Practica4/src/java/practica4/ControlUsuario.java</file>
            <file>file:/C:/Users/psr_0/Desktop/Practica4/web/redirect.jsp</file>
            <file>file:/C:/Users/psr_0/Desktop/Practica4/web/WEB-INF/applicationContext.xml</file>
            <file>file:/C:/Users/psr_0/Desktop/Practica4/src/java/practica4/Usuario.java</file>
            <file>file:/C:/Users/psr_0/Desktop/Practica4/web/WEB-INF/jsp/resultado.jsp</file>
            <file>file:/C:/Users/psr_0/Desktop/Practica4/web/WEB-INF/jsp/index.jsp</file>
        </group>
    </open-files>
</project-private>
