<?xml version="1.0" encoding="UTF-8"?>
<project-private xmlns="http://www.netbeans.org/ns/project-private/1">
    <editor-bookmarks xmlns="http://www.netbeans.org/ns/editor-bookmarks/2" lastBookmarkId="0"/>
    <open-files xmlns="http://www.netbeans.org/ns/projectui-open-files/2">
        <group>
            <file>file:/C:/Users/psr_0/Desktop/COOKIE/LOGIN/src/java/CONTROLADOR/COOKIE.java</file>
            <file>file:/C:/Users/psr_0/Desktop/COOKIE/LOGIN/web/cerrarSesion.jsp</file>
            <file>file:/C:/Users/psr_0/Desktop/COOKIE/LOGIN/web/index.jsp</file>
            <file>file:/C:/Users/psr_0/Desktop/COOKIE/LOGIN/src/java/CONTROLADOR/REGISTRARSE.java</file>
            <file>file:/C:/Users/psr_0/Desktop/COOKIE/LOGIN/web/css_BIENVENIDO.css</file>
            <file>file:/C:/Users/psr_0/Desktop/COOKIE/LOGIN/src/java/CONTROLADOR/PROCESO.java</file>
            <file>file:/C:/Users/psr_0/Desktop/COOKIE/LOGIN/web/FaltaRegistrarse.jsp</file>
            <file>file:/C:/Users/psr_0/Desktop/COOKIE/LOGIN/web/BIENVENIDO.jsp</file>
            <file>file:/C:/Users/psr_0/Desktop/COOKIE/LOGIN/web/ERROR.jsp</file>
            <file>file:/C:/Users/psr_0/Desktop/COOKIE/LOGIN/web/css_index.css</file>
            <file>file:/C:/Users/psr_0/Desktop/COOKIE/LOGIN/web/registro.jsp</file>
        </group>
    </open-files>
</project-private>
